User_id,Name,Password,Loggin,role
1,Иван,password1,ivan2024,admin
2,Анна,password2,anna2024,user
3,Сергей,password3,sergey2024,user
4,Мария,password4,maria2024,admin
5,Алексей,password5,alexey2024,user
6,Ольга,password6,olga2024,admin
7,Дмитрий,password7,dmitry2024,user
8,Екатерина,password8,ekaterina2024,admin
9,Николай,password9,nikolay2024,user
10,Татьяна,password10,tatyana2024,admin
11,Владимир,password11,vladimir2024,user
12,Елена,password12,elena2024,admin
13,Андрей,password13,andrey2024,user
14,Наталья,password14,natalya2024,admin
15,Павел,password15,pavel2024,user